Tiempo_s,RR_s,RR_ms,Valido
1.725,0.91875,918.75,1
2.55,0.825,825.0,1
3.3354166666666667,0.7854166666666667,785.4166666666666,1
4.1125,0.7770833333333333,777.0833333333334,1
4.872916666666667,0.7604166666666666,760.4166666666666,1
5.604166666666667,0.73125,731.25,1
6.316666666666666,0.7125,712.5,1
7.054166666666666,0.7375,737.5,1
7.79375,0.7395833333333334,739.5833333333334,1
8.554166666666667,0.7604166666666666,760.4166666666666,1
9.327083333333333,0.7729166666666667,772.9166666666667,1
10.085416666666667,0.7583333333333333,758.3333333333333,1
10.858333333333333,0.7729166666666667,772.9166666666667,1
11.55625,0.6979166666666666,697.9166666666666,1
12.28125,0.725,725.0,1
13.010416666666666,0.7291666666666666,729.1666666666666,1
13.785416666666666,0.775,775.0,1
14.5875,0.8020833333333334,802.0833333333334,1
15.397916666666667,0.8104166666666667,810.4166666666666,1
16.152083333333334,0.7541666666666667,754.1666666666666,1
16.854166666666668,0.7020833333333333,702.0833333333333,1
17.504166666666666,0.65,650.0,1
18.179166666666667,0.675,675.0,1
18.841666666666665,0.6625,662.5,1
19.635416666666668,0.79375,793.75,1
20.472916666666666,0.8375,837.5,1
21.3,0.8270833333333333,827.0833333333333,1
22.095833333333335,0.7958333333333333,795.8333333333333,1
22.885416666666668,0.7895833333333333,789.5833333333333,1
23.664583333333333,0.7791666666666667,779.1666666666666,1
24.3875,0.7229166666666667,722.9166666666666,1
25.041666666666668,0.6541666666666667,654.1666666666666,1
25.68125,0.6395833333333333,639.5833333333333,1
26.302083333333332,0.6208333333333333,620.8333333333334,1
26.90625,0.6041666666666666,604.1666666666666,1
27.514583333333334,0.6083333333333333,608.3333333333333,1
28.15625,0.6416666666666667,641.6666666666667,1
28.8375,0.68125,681.25,1
29.491666666666667,0.6541666666666667,654.1666666666666,1
30.183333333333334,0.6916666666666667,691.6666666666666,1
30.914583333333333,0.73125,731.25,1
31.822916666666668,0.9083333333333333,908.3333333333334,1
32.71875,0.8958333333333334,895.8333333333334,1
33.583333333333336,0.8645833333333334,864.5833333333334,1
34.41041666666667,0.8270833333333333,827.0833333333333,1
35.21458333333333,0.8041666666666667,804.1666666666667,1
35.954166666666666,0.7395833333333334,739.5833333333334,1
36.69166666666667,0.7375,737.5,1
37.454166666666666,0.7625,762.5,1
38.2375,0.7833333333333333,783.3333333333334,1
39.02291666666667,0.7854166666666667,785.4166666666666,1
39.75833333333333,0.7354166666666667,735.4166666666667,1
40.479166666666664,0.7208333333333333,720.8333333333334,1
41.15625,0.6770833333333334,677.0833333333334,1
41.83541666666667,0.6791666666666667,679.1666666666667,1
42.545833333333334,0.7104166666666667,710.4166666666667,1
43.264583333333334,0.71875,718.75,1
43.96041666666667,0.6958333333333333,695.8333333333333,1
44.63125,0.6708333333333333,670.8333333333333,1
45.2625,0.63125,631.25,1
45.885416666666664,0.6229166666666667,622.9166666666666,1
46.510416666666664,0.625,625.0,1
47.14375,0.6333333333333333,633.3333333333333,1
47.86875,0.725,725.0,1
48.68333333333333,0.8145833333333333,814.5833333333334,1
49.58541666666667,0.9020833333333333,902.0833333333334,1
50.55416666666667,0.96875,968.75,1
51.572916666666664,1.01875,1018.75,1
52.52291666666667,0.95,950.0,1
53.327083333333334,0.8041666666666667,804.1666666666667,1
54.02291666666667,0.6958333333333333,695.8333333333333,1
54.766666666666666,0.74375,743.75,1
55.5125,0.7458333333333333,745.8333333333334,1
56.275,0.7625,762.5,1
56.97083333333333,0.6958333333333333,695.8333333333333,1
57.60625,0.6354166666666666,635.4166666666666,1
58.25208333333333,0.6458333333333334,645.8333333333334,1
58.90208333333333,0.65,650.0,1
59.6,0.6979166666666666,697.9166666666666,1
